puma,county_fips
00100,28033
00200,28003
00200,28009
00200,28093
00200,28117
00200,28139
00200,28141
00300,28027
00300,28107
00300,28119
00300,28135
00300,28137
00300,28143
00400,28013
00400,28017
00400,28057
00400,28071
00400,28095
00500,28081
00500,28115
00500,28145
00600,28019
00600,28025
00600,28087
00600,28103
00600,28105
00600,28155
00600,28159
00700,28007
00700,28015
00700,28043
00700,28051
00700,28083
00700,28097
00700,28161
00800,28011
00800,28053
00800,28055
00800,28125
00800,28133
00800,28151
00900,28089
00900,28163
01000,28049
01000,28089
01100,28049
01200,28029
01200,28049
01200,28149
01300,28121
01300,28127
01400,28061
01400,28069
01400,28079
01400,28099
01400,28123
01400,28129
01500,28023
01500,28075
01500,28101
01600,28001
01600,28005
01600,28021
01600,28037
01600,28063
01600,28077
01600,28085
01600,28113
01600,28147
01600,28157
01700,28031
01700,28041
01700,28065
01700,28067
01700,28153
01800,28035
01800,28073
01800,28091
01800,28111
01900,28039
01900,28045
01900,28109
01900,28131
02000,28047
02100,28059
00100,15005
00100,15007
00100,15009
00200,15001
00301,15003
00302,15003
00303,15003
00304,15003
00305,15003
00306,15003
00307,15003
00308,15003
00100,01033
00100,01059
00100,01077
00100,01093
00200,01083
00200,01089
00301,01089
00302,01089
00400,01049
00400,01071
00500,01089
00500,01095
00600,01079
00600,01103
00700,01043
00700,01133
00800,01009
00800,01115
00900,01055
01000,01019
01000,01027
01000,01029
01000,01111
01000,01121
01100,01015
01200,01117
01301,01073
01302,01073
01303,01073
01304,01073
01305,01073
01400,01057
01400,01075
01400,01093
01400,01127
01500,01107
01500,01125
01600,01125
01700,01007
01700,01047
01700,01063
01700,01065
01700,01091
01700,01105
01700,01119
01800,01017
01800,01021
01800,01037
01800,01123
01900,01081
02000,01101
02100,01001
02100,01051
02100,01085
02100,01101
02200,01023
02200,01025
02200,01035
02200,01053
02200,01099
02200,01129
02200,01131
02300,01013
02300,01031
02300,01039
02300,01041
02400,01005
02400,01011
02400,01087
02400,01109
02400,01113
02500,01045
02500,01061
02500,01067
02500,01069
02600,01003
02701,01097
02702,01097
02703,01097
00100,29005
00100,29061
00100,29075
00100,29079
00100,29081
00100,29087
00100,29115
00100,29117
00100,29129
00100,29147
00100,29171
00100,29211
00100,29227
00200,29003
00200,29021
00200,29063
00300,29001
00300,29045
00300,29103
00300,29111
00300,29121
00300,29127
00300,29137
00300,29173
00300,29197
00300,29199
00300,29205
00400,29007
00400,29113
00400,29139
00400,29163
00400,29219
00500,29027
00500,29051
00500,29135
00500,29151
00600,29019
00700,29033
00700,29041
00700,29053
00700,29089
00700,29159
00700,29175
00700,29195
00800,29025
00800,29049
00800,29101
00800,29107
00800,29177
00901,29047
00902,29047
00903,29047
00903,29165
01001,29095
01002,29095
01003,29095
01004,29095
01005,29095
01100,29013
01100,29037
01200,29011
01200,29039
01200,29057
01200,29083
01200,29109
01200,29185
01200,29217
01300,29015
01300,29059
01300,29085
01300,29105
01300,29167
01400,29029
01400,29131
01400,29141
01400,29169
01500,29055
01500,29065
01500,29073
01500,29125
01500,29161
01600,29071
01701,29183
01702,29183
01703,29183
01801,29189
01802,29189
01803,29189
01804,29189
01805,29189
01806,29189
01807,29189
01808,29189
01901,29510
01902,29510
02001,29099
02002,29099
02100,29157
02100,29186
02100,29187
02100,29221
02200,29017
02200,29031
02200,29201
02300,29069
02300,29133
02300,29143
02300,29155
02300,29207
02400,29023
02400,29035
02400,29093
02400,29123
02400,29179
02400,29181
02400,29223
02500,29067
02500,29091
02500,29149
02500,29153
02500,29203
02500,29215
02500,29229
02601,29043
02601,29077
02601,29225
02602,29077
02603,29077
02700,29009
02700,29119
02700,29209
02700,29213
02800,29097
02800,29145
00104,17015
00104,17085
00104,17103
00104,17195
00105,17161
00202,17057
00202,17067
00202,17071
00202,17073
00202,17109
00202,17131
00202,17187
00300,17001
00300,17009
00300,17125
00300,17149
00300,17169
00401,17013
00401,17017
00401,17061
00401,17083
00401,17117
00401,17137
00401,17171
00501,17005
00501,17027
00501,17049
00501,17051
00501,17135
00600,17029
00600,17035
00600,17041
00600,17045
00700,17023
00700,17025
00700,17033
00700,17079
00700,17101
00700,17159
00700,17191
00800,17003
00800,17047
00800,17059
00800,17065
00800,17069
00800,17087
00800,17127
00800,17151
00800,17153
00800,17165
00800,17181
00800,17185
00800,17193
00900,17055
00900,17077
00900,17145
00900,17199
01001,17081
01001,17121
01001,17133
01001,17157
01001,17189
01104,17163
01105,17163
01204,17119
01205,17119
01300,17167
01500,17115
01602,17021
01602,17039
01602,17107
01602,17129
01602,17139
01602,17147
01602,17173
01701,17143
01900,17179
02000,17113
02100,17019
02200,17053
02200,17075
02200,17105
02200,17183
02300,17091
02400,17099
02501,17011
02501,17095
02501,17123
02501,17155
02501,17175
02501,17203
02601,17037
02700,17141
02700,17177
02801,17201
02901,17007
02901,17201
03005,17089
03007,17089
03008,17089
03009,17089
03102,17197
03105,17197
03106,17197
03107,17197
03108,17197
03202,17043
03203,17043
03204,17043
03205,17043
03207,17043
03208,17043
03209,17043
03306,17097
03307,17097
03308,17097
03309,17097
03310,17097
03401,17031
03407,17031
03408,17031
03409,17031
03410,17031
03411,17031
03412,17031
03413,17031
03414,17031
03415,17031
03416,17031
03417,17031
03418,17031
03419,17031
03420,17031
03421,17031
03422,17031
03501,17031
03502,17031
03503,17031
03504,17031
03520,17031
03521,17031
03522,17031
03523,17031
03524,17031
03525,17031
03526,17031
03527,17031
03528,17031
03529,17031
03530,17031
03531,17031
03532,17031
03601,17111
03602,17111
03700,17063
03700,17093
00101,02020
00102,02020
00200,02122
00200,02170
00300,02068
00300,02090
00300,02100
00300,02110
00300,02130
00300,02230
00300,02240
00300,02261
00400,02013
00400,02016
00400,02050
00400,02060
00400,02070
00400,02105
00400,02150
00400,02164
00400,02180
00400,02185
00400,02188
00400,02195
00400,02198
00400,02220
00400,02270
00400,02275
00400,02282
00400,02290
00100,16009
00100,16017
00100,16021
00100,16055
00100,16057
00100,16079
00200,16055
00300,16003
00300,16015
00300,16023
00300,16033
00300,16035
00300,16037
00300,16049
00300,16059
00300,16061
00300,16069
00300,16085
00400,16001
00400,16027
00400,16045
00400,16075
00400,16087
00500,16027
00500,16073
00600,16001
00600,16027
00701,16001
00702,16001
00800,16001
00900,16031
00900,16083
01000,16013
01000,16025
01000,16039
01000,16047
01000,16053
01000,16063
01000,16067
01100,16011
01100,16043
01100,16051
01100,16065
01100,16081
01200,16019
01300,16005
01300,16007
01300,16011
01300,16029
01300,16041
01300,16071
01300,16077
00101,12001
00102,12001
00500,12005
00500,12059
00500,12131
00500,12133
00901,12009
00902,12009
00903,12009
00904,12009
01101,12011
01102,12011
01103,12011
01104,12011
01105,12011
01106,12011
01107,12011
01108,12011
01109,12011
01110,12011
01111,12011
01112,12011
01113,12011
01114,12011
01500,12015
01701,12017
01900,12019
02101,12021
02102,12021
02103,12021
02300,12007
02300,12023
02300,12029
02300,12041
02300,12075
02300,12125
02700,12027
02700,12049
02700,12055
03101,12031
03102,12031
03103,12031
03104,12031
03105,12031
03106,12031
03107,12031
03301,12033
03302,12033
03500,12035
03500,12127
05301,12053
05701,12057
05702,12057
05703,12057
05704,12057
05705,12057
05706,12057
05707,12057
05708,12057
06100,12061
06300,12013
06300,12037
06300,12039
06300,12045
06300,12063
06300,12065
06300,12077
06300,12129
06901,12069
06902,12069
06902,12119
06903,12069
06903,12119
07101,12071
07102,12071
07103,12071
07104,12071
07105,12071
07300,12073
07301,12073
08101,12081
08102,12081
08103,12081
08301,12083
08302,12083
08303,12083
08500,12085
08601,12086
08602,12086
08603,12086
08604,12086
08605,12086
08606,12086
08607,12086
08608,12086
08609,12086
08610,12086
08611,12086
08612,12086
08613,12086
08614,12086
08615,12086
08616,12086
08617,12086
08618,12086
08619,12086
08620,12086
08621,12086
08622,12086
08623,12086
08624,12086
08700,12086
08700,12087
08900,12003
08900,12089
09100,12091
09300,12043
09300,12051
09300,12055
09300,12093
09501,12095
09502,12095
09503,12095
09504,12095
09505,12095
09506,12095
09507,12095
09508,12095
09509,12095
09510,12095
09701,12097
09702,12097
09901,12099
09902,12099
09903,12099
09904,12099
09905,12099
09906,12099
09907,12099
09908,12099
09909,12099
09910,12099
09911,12099
10101,12101
10102,12101
10103,12101
10104,12101
10301,12103
10302,12103
10303,12103
10304,12103
10305,12103
10306,12103
10307,12103
10308,12103
10501,12105
10502,12105
10503,12105
10504,12105
10700,12107
10700,12109
10900,12109
11101,12111
11102,12111
11300,12113
11501,12115
11502,12115
11503,12115
11701,12117
11702,12117
11703,12117
11704,12117
12100,12047
12100,12067
12100,12079
12100,12121
12100,12123
12701,12127
12702,12127
12703,12127
12704,12127
00101,06001
00102,06001
00103,06001
00104,06001
00105,06001
00106,06001
00107,06001
00108,06001
00109,06001
00110,06001
00300,06003
00300,06005
00300,06009
00300,06027
00300,06043
00300,06051
00300,06109
00701,06007
00702,06007
01100,06011
01100,06021
01100,06103
01100,06105
01301,06013
01302,06013
01303,06013
01304,06013
01305,06013
01306,06013
01307,06013
01308,06013
01309,06013
01500,06015
01500,06035
01500,06049
01500,06063
01500,06093
01700,06017
01901,06019
01902,06019
01903,06019
01904,06019
01905,06019
01906,06019
01907,06019
02300,06023
02500,06025
02901,06029
02902,06029
02903,06029
02904,06029
02905,06029
03100,06031
03300,06033
03300,06045
03701,06037
03702,06037
03703,06037
03704,06037
03705,06037
03706,06037
03707,06037
03708,06037
03709,06037
03710,06037
03711,06037
03712,06037
03713,06037
03714,06037
03715,06037
03716,06037
03717,06037
03718,06037
03719,06037
03720,06037
03721,06037
03722,06037
03723,06037
03724,06037
03725,06037
03726,06037
03727,06037
03728,06037
03729,06037
03730,06037
03731,06037
03732,06037
03733,06037
03734,06037
03735,06037
03736,06037
03737,06037
03738,06037
03739,06037
03740,06037
03741,06037
03742,06037
03743,06037
03744,06037
03745,06037
03746,06037
03747,06037
03748,06037
03749,06037
03750,06037
03751,06037
03752,06037
03753,06037
03754,06037
03755,06037
03756,06037
03757,06037
03758,06037
03759,06037
03760,06037
03761,06037
03762,06037
03763,06037
03764,06037
03765,06037
03766,06037
03767,06037
03768,06037
03769,06037
03900,06039
04101,06041
04102,06041
04701,06047
04702,06047
05301,06053
05302,06053
05303,06053
05303,06069
05500,06055
05700,06057
05700,06091
05901,06059
05902,06059
05903,06059
05904,06059
05905,06059
05906,06059
05907,06059
05908,06059
05909,06059
05910,06059
05911,06059
05912,06059
05913,06059
05914,06059
05915,06059
05916,06059
05917,06059
05918,06059
06101,06061
06102,06061
06103,06061
06501,06065
06502,06065
06503,06065
06504,06065
06505,06065
06506,06065
06507,06065
06508,06065
06509,06065
06510,06065
06511,06065
06512,06065
06513,06065
06514,06065
06515,06065
06701,06067
06702,06067
06703,06067
06704,06067
06705,06067
06706,06067
06707,06067
06708,06067
06709,06067
06710,06067
06711,06067
06712,06067
07101,06071
07102,06071
07103,06071
07104,06071
07105,06071
07106,06071
07107,06071
07108,06071
07109,06071
07110,06071
07111,06071
07112,06071
07113,06071
07114,06071
07115,06071
07301,06073
07302,06073
07303,06073
07304,06073
07305,06073
07306,06073
07307,06073
07308,06073
07309,06073
07310,06073
07311,06073
07312,06073
07313,06073
07314,06073
07315,06073
07316,06073
07317,06073
07318,06073
07319,06073
07320,06073
07321,06073
07322,06073
07501,06075
07502,06075
07503,06075
07504,06075
07505,06075
07506,06075
07507,06075
07701,06077
07702,06077
07703,06077
07704,06077
07901,06079
07902,06079
08101,06081
08102,06081
08103,06081
08104,06081
08105,06081
08106,06081
08301,06083
08302,06083
08303,06083
08501,06085
08502,06085
08503,06085
08504,06085
08505,06085
08506,06085
08507,06085
08508,06085
08509,06085
08510,06085
08511,06085
08512,06085
08513,06085
08514,06085
08701,06087
08702,06087
08900,06089
09501,06095
09502,06095
09503,06095
09701,06097
09702,06097
09703,06097
09901,06099
09902,06099
09903,06099
09904,06099
10100,06101
10100,06115
10701,06107
10702,06107
10703,06107
11101,06111
11102,06111
11103,06111
11104,06111
11105,06111
11106,06111
11300,06113
00100,13039
00100,13127
00100,13191
00200,13029
00200,13179
00200,13183
00300,13031
00300,13103
00300,13251
00401,13051
00402,13051
00500,13003
00500,13005
00500,13025
00500,13049
00500,13065
00500,13069
00500,13101
00500,13173
00500,13229
00500,13299
00600,13185
00700,13017
00700,13019
00700,13027
00700,13075
00700,13155
00700,13277
00700,13287
00800,13071
00800,13275
00800,13321
00900,13095
00900,13177
01001,13121
01002,13121
01003,13121
01004,13121
01005,13121
01006,13121
01007,13089
01007,13121
01008,13089
01100,13007
01100,13037
01100,13087
01100,13099
01100,13131
01100,13201
01100,13205
01100,13253
01100,13273
01200,13001
01200,13109
01200,13161
01200,13209
01200,13267
01200,13271
01200,13279
01200,13305
01200,13309
01300,13023
01300,13043
01300,13091
01300,13107
01300,13167
01300,13175
01300,13283
01300,13315
01400,13021
01500,13153
01500,13235
01600,13009
01600,13079
01600,13169
01600,13207
01600,13225
01600,13237
01600,13289
01600,13319
01700,13053
01700,13215
01800,13061
01800,13081
01800,13093
01800,13145
01800,13193
01800,13197
01800,13239
01800,13243
01800,13249
01800,13259
01800,13261
01800,13263
01800,13269
01800,13307
01900,13035
01900,13171
01900,13231
01900,13255
01900,13293
02001,13089
02002,13089
02003,13089
02004,13089
02100,13077
02200,13149
02200,13199
02200,13285
02300,13045
02400,13113
02500,13115
02500,13143
02500,13233
02600,13047
02600,13055
02600,13083
02600,13295
02700,13313
02800,13111
02800,13123
02800,13129
02800,13213
02800,13227
02900,13015
03001,13067
03002,13067
03003,13067
03004,13067
03005,13067
03101,13057
03102,13057
03200,13085
03200,13187
03200,13241
03200,13281
03200,13291
03200,13311
03300,13117
03400,13139
03500,13011
03500,13119
03500,13137
03500,13147
03500,13257
03600,13059
03700,13105
03700,13133
03700,13195
03700,13219
03700,13221
03800,13013
03800,13157
03900,13159
03900,13211
03900,13297
04000,13245
04001,13135
04002,13135
04003,13135
04004,13135
04005,13135
04006,13135
04100,13073
04200,13033
04200,13125
04200,13141
04200,13163
04200,13165
04200,13181
04200,13189
04200,13265
04200,13301
04200,13303
04200,13317
04300,13217
04300,13247
04400,13097
04500,13223
04600,13121
05001,13063
05002,13063
06001,13151
06002,13151
00100,05007
00200,05143
00300,05005
00300,05009
00300,05015
00300,05087
00300,05089
00300,05101
00300,05129
00400,05023
00400,05049
00400,05063
00400,05065
00400,05135
00400,05137
00400,05141
00500,05021
00500,05031
00500,05055
00500,05075
00500,05121
00600,05031
00600,05035
00600,05093
00700,05037
00700,05077
00700,05095
00700,05107
00700,05111
00700,05123
00800,05067
00800,05117
00800,05145
00800,05147
00900,05119
01000,05119
01100,05045
01100,05085
01200,05125
01300,05029
01300,05071
01300,05105
01300,05115
01300,05149
01400,05033
01400,05131
01500,05047
01500,05061
01500,05083
01500,05113
01500,05127
01500,05133
01600,05019
01600,05051
01600,05059
01600,05097
01700,05001
01700,05053
01700,05069
01800,05001
01800,05003
01800,05011
01800,05017
01800,05025
01800,05041
01800,05043
01800,05079
01900,05013
01900,05027
01900,05039
01900,05103
01900,05139
02000,05057
02000,05073
02000,05081
02000,05091
02000,05099
02000,05109
00101,11001
00102,11001
00103,11001
00104,11001
00105,11001
00100,39039
00100,39069
00100,39125
00100,39171
00200,39051
00200,39095
00200,39173
00300,39095
00300,39173
00400,39095
00500,39095
00600,39095
00600,39123
00600,39173
00700,39043
00700,39143
00801,39093
00802,39093
00901,39035
00902,39035
00903,39035
00904,39035
00905,39035
00906,39035
00907,39035
00908,39035
00909,39035
00910,39035
01000,39085
01100,39085
01200,39055
01200,39085
01300,39007
01400,39099
01400,39155
01500,39099
01600,39155
01700,39133
01801,39153
01802,39153
01803,39153
01804,39153
01805,39153
01900,39103
02000,39169
02100,39005
02100,39077
02200,39139
02300,39033
02300,39147
02300,39175
02400,39063
02400,39137
02500,39003
02600,39011
02600,39107
02600,39161
02700,39021
02700,39065
02700,39091
02800,39083
02800,39101
02800,39117
02900,39031
02900,39059
02900,39075
03000,39067
03000,39157
03100,39151
03200,39151
03300,39019
03300,39151
03400,39029
03500,39013
03500,39081
03600,39111
03600,39115
03600,39121
03600,39167
03700,39119
03700,39127
03800,39089
03900,39045
04000,39041
04101,39049
04102,39049
04103,39049
04104,39049
04105,39049
04106,39049
04107,39049
04108,39049
04109,39049
04110,39049
04111,39049
04200,39097
04200,39129
04200,39159
04300,39023
04400,39109
04500,39037
04500,39135
04500,39149
04601,39113
04602,39113
04603,39113
04604,39113
04700,39057
04800,39047
04800,39141
04900,39073
04900,39079
04900,39131
04900,39163
05000,39009
05000,39053
05000,39105
05100,39087
05100,39145
05200,39001
05200,39027
05200,39071
05301,39165
05302,39165
05401,39017
05402,39017
05403,39017
05501,39061
05502,39061
05503,39061
05504,39061
05505,39061
05506,39061
05507,39061
05600,39025
05700,39015
05700,39025
00100,38001
00100,38007
00100,38011
00100,38013
00100,38023
00100,38025
00100,38033
00100,38037
00100,38041
00100,38049
00100,38053
00100,38055
00100,38057
00100,38061
00100,38065
00100,38075
00100,38085
00100,38087
00100,38089
00100,38101
00100,38105
00200,38003
00200,38005
00200,38009
00200,38021
00200,38027
00200,38031
00200,38045
00200,38063
00200,38069
00200,38071
00200,38073
00200,38077
00200,38079
00200,38081
00200,38083
00200,38093
00200,38103
00300,38015
00300,38029
00300,38043
00300,38047
00300,38051
00300,38059
00400,38019
00400,38035
00400,38039
00400,38067
00400,38091
00400,38095
00400,38097
00400,38099
00500,38017
00101,10003
00102,10003
00103,10003
00104,10003
00200,10001
00300,10005
00100,04013
00101,04013
00102,04013
00103,04013
00104,04013
00105,04013
00106,04013
00107,04013
00108,04013
00109,04013
00110,04013
00111,04013
00112,04013
00113,04013
00114,04013
00115,04013
00116,04013
00117,04013
00118,04013
00119,04013
00120,04013
00121,04013
00122,04013
00123,04013
00124,04013
00125,04013
00126,04013
00127,04013
00128,04013
00129,04013
00130,04013
00131,04013
00132,04013
00133,04013
00134,04013
00201,04019
00202,04019
00203,04019
00204,04019
00205,04019
00206,04019
00207,04019
00208,04019
00209,04019
00300,04001
00300,04017
00400,04005
00500,04025
00600,04012
00600,04015
00700,04027
00800,04007
00800,04009
00800,04011
00800,04021
00803,04021
00805,04021
00807,04021
00900,04003
00900,04023
00100,48011
00100,48045
00100,48065
00100,48069
00100,48075
00100,48087
00100,48111
00100,48117
00100,48129
00100,48179
00100,48191
00100,48195
00100,48205
00100,48211
00100,48233
00100,48295
00100,48341
00100,48357
00100,48359
00100,48369
00100,48393
00100,48421
00100,48437
00100,48483
00200,48375
00300,48381
00400,48017
00400,48079
00400,48107
00400,48125
00400,48153
00400,48169
00400,48189
00400,48219
00400,48269
00400,48279
00400,48305
00400,48345
00400,48445
00400,48501
00501,48303
00502,48303
00600,48009
00600,48023
00600,48077
00600,48101
00600,48155
00600,48197
00600,48237
00600,48337
00600,48487
00600,48497
00600,48503
00700,48485
00800,48097
00800,48147
00800,48181
00900,48231
00900,48397
01000,48119
01000,48159
01000,48223
01000,48277
01000,48343
01000,48387
01000,48449
01100,48037
01100,48067
01200,48203
01200,48315
01200,48459
01300,48063
01300,48379
01300,48467
01300,48499
01400,48257
01501,48423
01502,48423
01600,48183
01700,48073
01700,48365
01700,48401
01800,48001
01800,48213
01901,48085
01902,48085
01903,48085
01904,48085
01905,48085
01906,48085
01907,48085
02001,48121
02002,48121
02003,48121
02004,48121
02005,48121
02006,48121
02101,48139
02102,48251
02200,48143
02200,48221
02200,48363
02200,48425
02301,48113
02302,48113
02303,48113
02304,48113
02305,48113
02306,48113
02307,48113
02308,48113
02309,48113
02310,48113
02311,48113
02312,48113
02313,48113
02314,48113
02315,48113
02316,48113
02317,48113
02318,48113
02319,48113
02320,48113
02321,48113
02322,48113
02400,48367
02501,48439
02502,48439
02503,48439
02504,48439
02505,48439
02506,48439
02507,48439
02508,48439
02509,48439
02510,48439
02511,48439
02512,48439
02513,48439
02514,48439
02515,48439
02516,48439
02600,48049
02600,48059
02600,48083
02600,48093
02600,48133
02600,48151
02600,48207
02600,48253
02600,48263
02600,48275
02600,48335
02600,48353
02600,48399
02600,48415
02600,48417
02600,48429
02600,48433
02600,48447
02700,48441
02800,48033
02800,48081
02800,48095
02800,48105
02800,48115
02800,48173
02800,48227
02800,48235
02800,48267
02800,48307
02800,48317
02800,48319
02800,48327
02800,48383
02800,48413
02800,48431
02800,48435
02800,48461
02900,48451
03000,48329
03100,48135
03200,48003
03200,48043
03200,48103
03200,48109
03200,48165
03200,48229
03200,48243
03200,48301
03200,48371
03200,48377
03200,48389
03200,48443
03200,48475
03200,48495
03301,48141
03302,48141
03303,48141
03304,48141
03305,48141
03306,48141
03400,48053
03400,48099
03400,48193
03400,48281
03400,48299
03400,48333
03400,48411
03501,48027
03502,48027
03601,48051
03601,48185
03601,48289
03601,48313
03601,48331
03601,48395
03601,48477
03602,48041
03700,48035
03700,48145
03700,48161
03700,48217
03700,48293
03700,48349
03801,48309
03802,48309
03900,48225
03900,48373
03900,48407
03900,48455
03900,48471
04000,48005
04000,48347
04100,48241
04100,48351
04100,48403
04100,48405
04100,48419
04100,48457
04200,48199
04200,48361
04301,48245
04302,48245
04400,48071
04400,48291
04501,48339
04502,48339
04503,48339
04504,48339
04601,48201
04602,48201
04603,48201
04604,48201
04605,48201
04606,48201
04607,48201
04608,48201
04609,48201
04610,48201
04611,48201
04612,48201
04613,48201
04614,48201
04615,48201
04616,48201
04617,48201
04618,48201
04619,48201
04620,48201
04621,48201
04622,48201
04623,48201
04624,48201
04625,48201
04626,48201
04627,48201
04628,48201
04629,48201
04630,48201
04631,48201
04632,48201
04633,48201
04634,48201
04635,48201
04636,48201
04637,48201
04638,48201
04701,48167
04702,48167
04801,48039
04802,48039
04803,48039
04901,48157
04902,48157
04903,48157
04904,48157
04905,48157
05000,48015
05000,48089
05000,48321
05000,48473
05000,48481
05100,48021
05100,48055
05100,48149
05100,48287
05201,48491
05202,48491
05203,48491
05204,48491
05301,48453
05302,48453
05303,48453
05304,48453
05305,48453
05306,48453
05307,48453
05308,48453
05309,48453
05400,48209
05500,48123
05500,48175
05500,48177
05500,48239
05500,48255
05500,48285
05500,48493
05600,48057
05600,48469
05700,48187
05800,48091
05901,48029
05902,48029
05903,48029
05904,48029
05905,48029
05906,48029
05907,48029
05908,48029
05909,48029
05910,48029
05911,48029
05912,48029
05913,48029
05914,48029
05915,48029
05916,48029
06000,48031
06000,48171
06000,48259
06000,48265
06100,48013
06100,48019
06100,48163
06100,48325
06200,48127
06200,48137
06200,48271
06200,48283
06200,48323
06200,48385
06200,48463
06200,48465
06200,48507
06301,48479
06302,48479
06400,48131
06400,48247
06400,48297
06400,48311
06400,48427
06400,48505
06500,48007
06500,48025
06500,48391
06500,48409
06601,48355
06602,48355
06603,48355
06701,48061
06702,48061
06703,48061
06801,48215
06802,48215
06803,48215
06804,48215
06805,48215
06806,48215
06807,48215
06900,48047
06900,48249
06900,48261
06900,48273
06900,48489
03001,49003
03001,49045
05001,49005
05001,49029
05001,49033
05001,49043
11001,49011
11002,49011
13001,49007
13001,49009
13001,49013
13001,49015
13001,49019
13001,49037
13001,49047
13001,49051
21001,49001
21001,49017
21001,49021
21001,49023
21001,49025
21001,49027
21001,49031
21001,49039
21001,49041
21001,49055
35001,49035
35002,49035
35003,49035
35004,49035
35005,49035
35006,49035
35007,49035
35008,49035
35009,49035
49001,49049
49002,49049
49003,49049
49004,49049
53001,49053
57001,49057
57002,49057
00101,72003
00101,72011
00101,72099
00101,72117
00101,72131
00102,72005
00102,72071
00102,72115
00201,72023
00201,72079
00201,72121
00201,72125
00202,72067
00202,72083
00202,72093
00202,72097
00301,72013
00301,72017
00301,72054
00302,72027
00302,72065
00302,72081
00302,72141
00401,72001
00401,72055
00401,72059
00401,72111
00401,72153
00402,72073
00402,72113
00403,72043
00403,72075
00403,72133
00403,72149
00501,72039
00501,72091
00501,72101
00501,72145
00502,72051
00502,72137
00503,72135
00503,72143
00601,72019
00601,72045
00601,72047
00601,72105
00601,72107
00602,72007
00602,72009
00602,72035
00602,72041
00701,72015
00701,72057
00701,72095
00701,72109
00701,72123
00801,72021
00802,72021
00803,72033
00803,72061
00804,72127
00805,72127
00806,72127
00901,72031
00902,72029
00902,72031
00902,72087
00902,72139
01001,72025
01002,72063
01002,72077
01002,72085
01002,72129
01101,72037
01101,72049
01101,72053
01101,72089
01101,72119
01101,72147
01102,72069
01102,72103
01102,72151
00101,42049
00102,42049
00200,42039
00200,42123
00300,42023
00300,42033
00300,42047
00300,42083
00300,42105
00400,42015
00400,42113
00400,42117
00500,42103
00500,42115
00500,42127
00600,42089
00701,42069
00702,42069
00702,42131
00801,42079
00802,42079
00803,42037
00803,42079
00900,42035
00900,42081
01000,42093
01000,42097
01100,42067
01100,42087
01100,42109
01100,42119
01200,42027
01300,42031
01300,42053
01300,42065
01300,42121
01400,42085
01501,42007
01501,42073
01502,42007
01600,42019
01701,42003
01702,42003
01801,42003
01802,42003
01803,42003
01804,42003
01805,42003
01806,42003
01807,42003
01900,42005
01900,42063
02001,42129
02002,42129
02003,42129
02100,42021
02200,42013
02200,42061
02301,42041
02301,42099
02302,42041
02401,42043
02402,42043
02500,42075
02600,42107
02701,42011
02702,42011
02703,42011
02801,42025
02801,42077
02802,42077
02803,42077
02901,42077
02901,42095
02902,42095
03001,42017
03002,42017
03003,42017
03004,42017
03101,42091
03102,42091
03103,42091
03104,42091
03105,42091
03106,42091
03201,42101
03202,42101
03203,42101
03204,42101
03205,42101
03206,42101
03207,42101
03208,42101
03209,42101
03210,42101
03211,42101
03301,42045
03302,42045
03303,42045
03304,42045
03401,42029
03402,42029
03403,42029
03404,42029
03501,42071
03502,42071
03503,42071
03504,42071
03601,42133
03602,42133
03603,42133
03701,42001
03701,42055
03702,42055
03800,42009
03800,42057
03800,42111
03900,42051
04001,42125
04002,42059
04002,42125
00100,56003
00100,56023
00100,56029
00100,56033
00100,56039
00200,56005
00200,56011
00200,56015
00200,56019
00200,56027
00200,56031
00200,56043
00200,56045
00300,56001
00300,56021
00400,56007
00400,56009
00400,56025
00500,56013
00500,56017
00500,56035
00500,56037
00500,56041
00100,55003
00100,55007
00100,55013
00100,55031
00100,55051
00100,55099
00100,55107
00100,55113
00100,55119
00100,55129
00101,55025
00102,55025
00103,55025
00200,55009
00300,55009
00600,55041
00600,55067
00600,55069
00600,55085
00600,55125
00700,55011
00700,55023
00700,55053
00700,55081
00700,55091
00700,55093
00700,55121
00700,55123
00800,55043
00800,55045
00800,55049
00800,55065
00800,55103
00900,55063
01000,55021
01000,55111
01001,55027
01001,55055
01300,55029
01300,55037
01300,55075
01300,55083
01301,55061
01301,55071
01400,55047
01400,55077
01400,55078
01400,55115
01400,55135
01400,55137
01401,55015
01401,55039
01500,55087
01501,55139
01600,55073
01601,55001
01601,55057
01601,55097
01601,55141
02400,55105
02500,55117
10000,55059
20000,55089
20000,55131
30000,55101
40101,55079
40301,55079
40701,55079
41001,55079
41002,55079
41003,55079
41004,55079
41005,55079
50000,55127
55101,55005
55101,55017
55101,55019
55101,55095
55102,55033
55102,55109
55103,55017
55103,55035
70101,55133
70201,55133
70301,55133
00100,41001
00100,41059
00100,41061
00100,41063
00200,41013
00200,41021
00200,41023
00200,41027
00200,41031
00200,41049
00200,41055
00200,41065
00200,41069
00300,41025
00300,41035
00300,41037
00300,41045
00400,41017
00500,41007
00500,41009
00500,41041
00500,41057
00600,41003
00600,41043
00703,41039
00704,41039
00705,41039
00800,41011
00800,41015
00800,41033
00901,41029
00902,41029
01000,41019
01103,41047
01104,41047
01105,41047
01200,41053
01200,41071
01301,41051
01302,41051
01303,41051
01305,41051
01314,41051
01316,41051
01317,41005
01318,41005
01319,41005
01320,41067
01321,41067
01322,41067
01323,41067
01324,41067
00100,40035
00100,40041
00100,40097
00100,40105
00100,40115
00100,40131
00200,40001
00200,40021
00200,40135
00300,40023
00300,40061
00300,40077
00300,40079
00300,40089
00300,40121
00300,40127
00400,40009
00400,40039
00400,40055
00400,40057
00400,40065
00400,40075
00400,40129
00400,40149
00500,40003
00500,40007
00500,40011
00500,40025
00500,40043
00500,40045
00500,40053
00500,40059
00500,40073
00500,40093
00500,40139
00500,40151
00500,40153
00601,40031
00602,40015
00602,40031
00602,40033
00602,40067
00602,40137
00602,40141
00701,40019
00701,40049
00701,40085
00701,40099
00701,40123
00702,40005
00702,40013
00702,40029
00702,40069
00702,40095
00702,40123
00800,40017
00900,40027
01001,40109
01002,40109
01003,40109
01004,40109
01005,40109
01006,40109
01101,40051
01101,40087
01101,40125
01102,40081
01102,40083
01102,40125
01201,40143
01202,40143
01203,40143
01204,40037
01204,40113
01204,40143
01301,40131
01301,40145
01302,40091
01302,40101
01302,40111
01302,40145
01400,40047
01400,40071
01400,40103
01501,40037
01501,40063
01501,40107
01501,40119
01501,40133
01601,40037
01601,40113
01601,40117
01601,40147
00100,54009
00100,54029
00100,54051
00100,54069
00200,54017
00200,54033
00200,54049
00200,54091
00300,54061
00300,54077
00400,54003
00400,54027
00400,54037
00400,54057
00400,54065
00500,54001
00500,54023
00500,54031
00500,54041
00500,54071
00500,54083
00500,54093
00500,54097
00600,54007
00600,54013
00600,54021
00600,54035
00600,54085
00600,54087
00600,54095
00600,54103
00700,54073
00700,54105
00700,54107
00800,54011
00800,54053
00800,54099
00900,54005
00900,54043
00900,54079
01000,54015
01000,54039
01100,54025
01100,54063
01100,54067
01100,54075
01100,54089
01100,54101
01200,54019
01200,54055
01200,54081
01300,54045
01300,54047
01300,54059
01300,54109
00100,50007
00100,50011
00100,50013
00200,50005
00200,50009
00200,50015
00200,50019
00200,50023
00300,50017
00300,50025
00300,50027
00400,50001
00400,50003
00400,50021
00101,44007
00102,44007
00103,44007
00104,44007
00201,44003
00300,44001
00300,44005
00400,44009
00101,45073
00101,45077
00102,45045
00103,45045
00104,45045
00105,45045
00105,45059
00200,45007
00301,45083
00302,45083
00400,45021
00400,45023
00400,45071
00400,45087
00501,45091
00502,45091
00601,45063
00601,45081
00602,45063
00603,45039
00603,45079
00604,45079
00605,45017
00605,45055
00605,45079
00700,45025
00700,45057
00700,45069
00800,45027
00800,45061
00800,45085
00800,45089
00900,45031
00900,45041
01000,45033
01000,45043
01000,45067
01101,45051
01102,45051
01201,45015
01201,45019
01201,45035
01202,45015
01202,45019
01203,45015
01203,45019
01204,45015
01204,45019
01204,45035
01300,45005
01300,45009
01300,45011
01300,45029
01300,45049
01300,45075
01400,45013
01400,45053
01500,45003
01500,45037
01600,45001
01600,45047
01600,45065
01301,51013
01302,51013
04101,51041
04102,51041
04103,51041
10701,51107
10702,51107
10703,51107
51010,51027
51010,51051
51010,51105
51010,51167
51010,51169
51010,51185
51010,51195
51010,51720
51020,51021
51020,51035
51020,51077
51020,51173
51020,51191
51020,51197
51020,51520
51020,51640
51040,51063
51040,51071
51040,51121
51040,51155
51040,51750
51044,51161
51044,51770
51044,51775
51045,51005
51045,51023
51045,51045
51045,51067
51045,51161
51045,51580
51080,51015
51080,51017
51080,51091
51080,51163
51080,51530
51080,51678
51080,51790
51080,51820
51084,51043
51084,51069
51084,51840
51085,51139
51085,51171
51085,51187
51087,51047
51087,51061
51087,51113
51087,51137
51087,51157
51089,51003
51089,51065
51089,51109
51089,51125
51090,51003
51090,51079
51090,51540
51095,51009
51095,51011
51095,51019
51095,51515
51096,51031
51096,51680
51097,51089
51097,51141
51097,51143
51097,51590
51097,51690
51105,51007
51105,51025
51105,51029
51105,51037
51105,51049
51105,51083
51105,51111
51105,51117
51105,51135
51105,51147
51110,51165
51110,51660
51115,51179
51115,51630
51120,51033
51120,51099
51120,51177
51125,51001
51125,51057
51125,51073
51125,51097
51125,51103
51125,51115
51125,51119
51125,51131
51125,51133
51125,51159
51125,51193
51135,51053
51135,51081
51135,51149
51135,51181
51135,51183
51135,51570
51135,51595
51135,51670
51135,51730
51145,51093
51145,51175
51145,51620
51145,51800
51154,51710
51155,51710
51155,51740
51164,51810
51165,51810
51167,51810
51175,51700
51186,51650
51206,51095
51206,51199
51206,51735
51206,51830
51215,51036
51215,51075
51215,51085
51215,51101
51215,51127
51215,51145
51224,51087
51225,51087
51235,51760
51244,51153
51245,51153
51245,51683
51245,51685
51246,51153
51255,51510
55001,51550
55002,51550
59301,51059
59302,51059
59303,51059
59303,51600
59304,51059
59305,51059
59306,51059
59307,51059
59308,51059
59308,51610
59309,51059
00100,47033
00100,47045
00100,47053
00100,47095
00100,47131
00200,47005
00200,47017
00200,47079
00200,47083
00200,47085
00200,47183
00300,47125
00300,47161
00400,47021
00400,47043
00400,47081
00400,47147
00500,47165
00600,47015
00600,47041
00600,47111
00600,47159
00600,47169
00600,47177
00700,47027
00700,47087
00700,47133
00700,47137
00700,47141
00800,47035
00800,47049
00800,47175
00800,47185
00900,47013
00900,47025
00900,47067
00900,47129
00900,47151
01000,47073
01000,47163
01100,47163
01200,47019
01200,47059
01200,47091
01200,47171
01300,47179
01400,47029
01400,47057
01400,47063
01500,47089
01500,47155
01601,47001
01601,47093
01601,47173
01602,47093
01603,47093
01604,47093
01700,47009
01800,47105
01800,47123
01800,47145
01900,47011
01900,47107
01900,47139
02001,47065
02002,47065
02003,47065
02100,47007
02100,47061
02100,47115
02100,47121
02100,47143
02100,47153
02200,47031
02200,47051
02200,47103
02200,47127
02300,47189
02401,47149
02402,47149
02501,47037
02502,47037
02503,47037
02504,47037
02505,47037
02600,47187
02700,47003
02700,47117
02700,47119
02800,47055
02800,47099
02800,47101
02800,47135
02800,47181
02900,47039
02900,47069
02900,47071
02900,47075
02900,47077
02900,47109
03000,47023
03000,47113
03100,47047
03100,47097
03100,47167
03201,47157
03202,47157
03203,47157
03204,47157
03205,47157
03206,47157
03207,47157
03208,47157
10100,53073
10200,53029
10200,53055
10200,53057
10300,53007
10300,53017
10400,53019
10400,53047
10400,53051
10400,53065
10501,53063
10502,53063
10503,53063
10504,53063
10600,53001
10600,53003
10600,53013
10600,53023
10600,53043
10600,53075
10701,53005
10701,53021
10702,53005
10703,53005
10703,53021
10703,53071
10800,53025
10800,53037
10901,53077
10902,53077
11000,53039
11000,53041
11000,53059
11101,53011
11102,53011
11103,53011
11104,53011
11200,53015
11200,53049
11200,53069
11300,53027
11300,53045
11401,53067
11402,53067
11501,53053
11502,53053
11503,53053
11504,53053
11505,53053
11506,53053
11507,53053
11601,53033
11602,53033
11603,53033
11604,53033
11605,53033
11606,53033
11607,53033
11608,53033
11609,53033
11610,53033
11611,53033
11612,53033
11613,53033
11614,53033
11615,53033
11616,53033
11701,53061
11702,53061
11703,53061
11704,53061
11705,53061
11706,53061
11801,53035
11802,53035
11900,53009
11900,53031
00100,46019
00100,46033
00100,46063
00100,46081
00100,46093
00100,46103
00100,46105
00200,46007
00200,46017
00200,46023
00200,46031
00200,46041
00200,46047
00200,46053
00200,46055
00200,46065
00200,46069
00200,46071
00200,46075
00200,46085
00200,46095
00200,46113
00200,46117
00200,46119
00200,46121
00200,46123
00200,46137
00300,46013
00300,46021
00300,46025
00300,46029
00300,46037
00300,46039
00300,46045
00300,46049
00300,46051
00300,46057
00300,46089
00300,46091
00300,46107
00300,46109
00300,46115
00300,46129
00400,46003
00400,46005
00400,46009
00400,46011
00400,46015
00400,46035
00400,46043
00400,46059
00400,46061
00400,46067
00400,46073
00400,46077
00400,46079
00400,46097
00400,46101
00400,46111
00500,46027
00500,46083
00500,46087
00500,46099
00500,46125
00500,46127
00500,46135
00600,46083
00600,46099
00100,09001
00101,09001
00102,09001
00103,09001
00104,09001
00105,09001
00300,09003
00301,09003
00302,09003
00303,09003
00304,09003
00305,09003
00306,09003
00500,09005
00700,09007
00900,09009
00901,09009
00902,09009
00903,09009
00904,09009
00905,09009
00906,09009
01100,09011
01101,09011
01300,09013
01500,09015
00100,21007
00100,21035
00100,21039
00100,21075
00100,21083
00100,21105
00100,21145
00100,21157
00200,21033
00200,21055
00200,21107
00200,21139
00200,21177
00300,21047
00300,21143
00300,21219
00300,21221
00400,21003
00400,21009
00400,21031
00400,21061
00400,21099
00400,21141
00400,21169
00400,21171
00400,21213
00500,21227
00600,21001
00600,21045
00600,21053
00600,21057
00600,21087
00600,21207
00600,21217
00700,21147
00700,21199
00700,21231
00800,21051
00800,21109
00800,21125
00800,21203
00900,21013
00900,21095
00900,21121
00900,21235
01000,21025
01000,21119
01000,21129
01000,21131
01000,21133
01000,21189
01000,21193
01000,21237
01100,21071
01100,21115
01100,21153
01100,21159
01100,21195
01200,21093
01200,21123
01200,21155
01200,21179
01200,21229
01300,21027
01300,21085
01300,21093
01300,21163
01400,21101
01400,21149
01400,21183
01400,21225
01400,21233
01500,21059
01500,21091
01600,21029
01600,21211
01600,21215
01701,21111
01702,21111
01703,21111
01704,21111
01705,21111
01706,21111
01800,21103
01800,21185
01800,21211
01800,21223
01901,21067
01902,21067
02000,21005
02000,21073
02000,21167
02000,21239
02100,21021
02100,21079
02100,21113
02100,21137
02200,21065
02200,21151
02200,21197
02300,21017
02300,21049
02300,21097
02300,21181
02300,21209
02400,21117
02500,21015
02600,21037
02600,21041
02600,21077
02600,21081
02600,21187
02600,21191
02700,21011
02700,21023
02700,21069
02700,21135
02700,21161
02700,21165
02700,21173
02700,21175
02700,21201
02700,21205
02800,21019
02800,21043
02800,21063
02800,21089
02800,21127
00100,35006
00100,35031
00100,35045
00200,35045
00300,35028
00300,35033
00300,35039
00300,35047
00300,35055
00400,35007
00400,35009
00400,35011
00400,35019
00400,35021
00400,35037
00400,35041
00400,35059
00500,35049
00600,35043
00700,35001
00700,35061
00801,35001
00802,35001
00803,35001
00804,35001
00805,35001
00806,35001
00900,35003
00900,35017
00900,35023
00900,35029
00900,35051
00900,35053
00900,35057
01001,35013
01002,35013
01100,35005
01100,35027
01100,35035
01200,35015
01200,35025
00101,34001
00102,34001
00301,34003
00302,34003
00303,34003
00304,34003
00305,34003
00306,34003
00307,34003
00308,34003
00400,34031
00501,34031
00502,34031
00503,34031
00601,34017
00602,34017
00701,34017
00702,34017
00703,34017
00800,34019
00901,34023
00902,34023
00903,34023
00904,34023
00905,34023
00906,34023
00907,34023
01001,34035
01002,34035
01003,34035
01101,34025
01102,34025
01103,34025
01104,34025
01105,34025
01106,34025
01201,34029
01202,34029
01203,34029
01204,34029
01205,34029
01301,34013
01302,34013
01401,34013
01402,34013
01403,34013
01404,34013
01501,34027
01502,34027
01503,34027
01504,34027
01600,34037
01700,34041
01800,34039
01901,34039
01902,34039
01903,34039
01904,34039
02001,34005
02002,34005
02003,34005
02101,34007
02102,34007
02103,34007
02104,34007
02201,34015
02202,34015
02301,34021
02302,34021
02303,34021
02400,34011
02500,34011
02500,34033
02600,34001
02600,34009
00100,20023
00100,20039
00100,20051
00100,20063
00100,20065
00100,20071
00100,20101
00100,20109
00100,20135
00100,20137
00100,20141
00100,20147
00100,20153
00100,20163
00100,20167
00100,20171
00100,20179
00100,20181
00100,20183
00100,20193
00100,20195
00100,20199
00100,20203
00200,20027
00200,20029
00200,20041
00200,20053
00200,20089
00200,20105
00200,20117
00200,20123
00200,20131
00200,20143
00200,20157
00200,20169
00200,20201
00300,20061
00300,20149
00300,20161
00400,20005
00400,20043
00400,20087
00400,20103
00500,20209
00601,20091
00602,20091
00603,20091
00604,20091
00700,20045
00801,20177
00802,20013
00802,20085
00802,20139
00802,20177
00802,20197
00900,20017
00900,20019
00900,20031
00900,20035
00900,20049
00900,20073
00900,20111
00900,20115
00900,20127
00900,20205
00900,20207
01000,20113
01000,20155
01000,20159
01100,20007
01100,20009
01100,20033
01100,20035
01100,20047
01100,20077
01100,20095
01100,20097
01100,20145
01100,20151
01100,20165
01100,20185
01100,20191
01200,20025
01200,20055
01200,20057
01200,20067
01200,20069
01200,20075
01200,20081
01200,20083
01200,20093
01200,20119
01200,20129
01200,20175
01200,20187
01200,20189
01301,20079
01301,20173
01302,20015
01302,20173
01303,20173
01304,20015
01304,20173
01400,20001
01400,20003
01400,20011
01400,20059
01400,20107
01400,20121
01500,20021
01500,20037
01500,20099
01500,20125
01500,20133
00100,08011
00100,08017
00100,08025
00100,08039
00100,08061
00100,08063
00100,08073
00100,08075
00100,08087
00100,08095
00100,08115
00100,08121
00100,08123
00100,08125
00102,08069
00103,08069
00200,08045
00200,08081
00200,08103
00200,08107
00300,08123
00400,08037
00400,08049
00400,08057
00400,08097
00400,08117
00600,08015
00600,08027
00600,08043
00600,08055
00600,08065
00600,08093
00600,08101
00700,08101
00800,08003
00800,08009
00800,08021
00800,08023
00800,08071
00800,08079
00800,08089
00800,08099
00800,08101
00800,08105
00800,08109
00801,08013
00801,08019
00801,08047
00801,08059
00802,08013
00802,08123
00803,08013
00804,08001
00804,08013
00804,08014
00804,08059
00805,08001
00805,08014
00805,08059
00806,08001
00807,08001
00808,08005
00809,08001
00809,08005
00810,08001
00810,08005
00811,08005
00812,08031
00813,08031
00814,08031
00815,08005
00815,08031
00816,08031
00817,08001
00817,08059
00818,08059
00819,08059
00820,08005
00820,08059
00821,08035
00821,08059
00822,08035
00823,08035
00823,08039
00824,08001
00824,08005
00824,08123
00900,08007
00900,08033
00900,08051
00900,08053
00900,08067
00900,08083
00900,08111
01001,08077
01002,08029
01002,08077
01002,08085
01002,08091
01002,08113
04101,08041
04101,08119
04102,08041
04103,08041
04104,08041
04105,08041
04106,08041
00100,36089
00200,36019
00200,36031
00200,36033
00200,36041
00300,36113
00300,36115
00401,36043
00401,36065
00402,36065
00403,36043
00403,36065
00403,36077
00403,36095
00500,36045
00500,36049
00600,36075
00701,36067
00702,36067
00703,36067
00704,36011
00704,36067
00800,36099
00800,36117
00901,36055
00902,36055
00903,36055
00904,36055
00905,36055
00906,36055
01000,36037
01000,36073
01101,36063
01102,36063
01201,36029
01202,36029
01203,36029
01204,36029
01205,36029
01206,36029
01207,36029
01300,36051
01300,36121
01400,36069
01400,36123
01500,36023
01500,36053
01600,36035
01600,36057
01700,36093
01801,36091
01802,36091
01900,36083
02001,36001
02002,36001
02100,36021
02100,36039
02201,36007
02202,36007
02202,36107
02203,36007
02203,36017
02203,36025
02300,36109
02401,36015
02401,36101
02402,36015
02402,36097
02402,36101
02500,36003
02500,36009
02600,36013
02701,36105
02701,36111
02702,36111
02801,36027
02802,36027
02901,36071
02902,36071
02903,36071
03001,36087
03002,36087
03003,36087
03101,36079
03101,36119
03102,36119
03103,36119
03104,36119
03105,36119
03106,36119
03107,36119
03201,36059
03202,36059
03203,36059
03204,36059
03205,36059
03206,36059
03207,36059
03208,36059
03209,36059
03210,36059
03211,36059
03212,36059
03301,36103
03302,36103
03303,36103
03304,36103
03305,36103
03306,36103
03307,36103
03308,36103
03309,36103
03310,36103
03311,36103
03312,36103
03313,36103
03701,36005
03702,36005
03703,36005
03704,36005
03705,36005
03706,36005
03707,36005
03708,36005
03709,36005
03710,36005
03801,36061
03802,36061
03803,36061
03804,36061
03805,36061
03806,36061
03807,36061
03808,36061
03809,36061
03810,36061
03901,36085
03902,36085
03903,36085
04001,36047
04002,36047
04003,36047
04004,36047
04005,36047
04006,36047
04007,36047
04008,36047
04009,36047
04010,36047
04011,36047
04012,36047
04013,36047
04014,36047
04015,36047
04016,36047
04017,36047
04018,36047
04101,36081
04102,36081
04103,36081
04104,36081
04105,36081
04106,36081
04107,36081
04108,36081
04109,36081
04110,36081
04111,36081
04112,36081
04113,36081
04114,36081
00100,22017
00101,22017
00200,22015
00200,22119
00300,22013
00300,22027
00300,22031
00300,22061
00300,22069
00300,22081
00300,22085
00400,22073
00500,22021
00500,22035
00500,22041
00500,22049
00500,22065
00500,22067
00500,22083
00500,22107
00500,22111
00500,22123
00600,22009
00600,22025
00600,22029
00600,22043
00600,22059
00600,22127
00700,22079
00700,22115
00800,22003
00800,22011
00800,22019
00900,22019
00900,22023
00900,22053
01000,22039
01000,22097
01100,22001
01100,22113
01200,22055
01201,22055
01300,22045
01300,22099
01300,22101
01400,22037
01400,22047
01400,22077
01400,22121
01400,22125
01500,22033
01501,22033
01502,22033
01600,22005
01700,22063
01700,22091
01800,22105
01800,22117
01900,22089
01900,22093
01900,22095
02000,22007
02000,22057
02100,22109
02200,22103
02201,22103
02300,22051
02301,22051
02302,22051
02400,22071
02401,22071
02402,22071
02500,22051
02500,22075
02500,22087
00100,23003
00100,23029
00200,23007
00200,23017
00200,23021
00200,23025
00300,23019
00400,23011
00500,23009
00500,23013
00500,23015
00500,23027
00600,23001
00700,23005
00700,23023
00800,23005
00800,23031
00900,23005
00900,23031
01000,23005
00100,37009
00100,37011
00100,37121
00100,37189
00100,37199
00200,37005
00200,37171
00200,37193
00300,37157
00300,37169
00400,37033
00400,37077
00400,37145
00500,37069
00500,37181
00500,37185
00600,37083
00600,37091
00600,37131
00600,37185
00700,37029
00700,37041
00700,37053
00700,37073
00700,37139
00700,37143
00800,37015
00800,37055
00800,37095
00800,37117
00800,37177
00800,37187
00900,37065
00900,37127
01000,37079
01000,37195
01100,37101
01201,37183
01202,37183
01203,37183
01204,37183
01205,37183
01206,37183
01207,37183
01208,37183
01301,37063
01302,37063
01400,37135
01500,37037
01500,37105
01600,37001
01701,37081
01702,37081
01703,37081
01704,37081
01801,37067
01802,37067
01803,37067
01900,37059
01900,37097
01900,37197
02000,37003
02000,37027
02100,37023
02100,37111
02201,37021
02202,37021
02300,37075
02300,37087
02300,37099
02300,37115
02300,37173
02400,37039
02400,37043
02400,37099
02400,37113
02500,37089
02500,37175
02600,37045
02600,37149
02600,37161
02700,37045
02700,37109
02800,37035
02900,37097
03001,37071
03002,37071
03101,37119
03102,37119
03103,37119
03104,37119
03105,37119
03106,37119
03107,37119
03108,37119
03200,37025
03300,37025
03300,37167
03400,37159
03500,37057
03600,37151
03700,37123
03700,37125
03800,37085
03900,37061
03900,37163
04000,37191
04100,37103
04100,37107
04100,37133
04200,37147
04300,37049
04400,37013
04400,37031
04400,37137
04500,37133
04600,37129
04600,37141
04700,37129
04800,37019
04900,37017
04900,37047
04900,37155
05001,37051
05002,37051
05003,37051
05100,37155
05200,37093
05200,37153
05200,37165
05300,37007
05300,37179
05400,37179
00100,33007
00100,33009
00200,33001
00200,33003
00200,33013
00300,33003
00300,33015
00300,33017
00400,33013
00500,33005
00500,33019
00600,33011
00700,33011
00700,33013
00700,33015
00800,33011
00900,33011
01000,33015
00100,27027
00100,27069
00100,27089
00100,27107
00100,27113
00100,27119
00100,27125
00100,27135
00200,27005
00200,27007
00200,27029
00200,27057
00200,27077
00200,27087
00300,27001
00300,27017
00300,27021
00300,27061
00400,27017
00400,27031
00400,27071
00400,27075
00400,27137
00500,27137
00600,27025
00600,27059
00600,27065
00600,27095
00600,27115
00700,27035
00700,27097
00700,27153
00700,27159
00800,27011
00800,27041
00800,27051
00800,27111
00800,27121
00800,27149
00800,27151
00800,27155
00800,27167
00900,27145
01000,27009
01000,27141
01101,27003
01102,27003
01103,27003
01201,27163
01202,27163
01301,27123
01302,27123
01303,27123
01304,27123
01401,27053
01402,27053
01403,27053
01404,27053
01405,27053
01406,27053
01407,27053
01408,27053
01409,27053
01410,27053
01501,27037
01502,27037
01503,27037
01600,27139
01700,27019
01700,27139
01800,27171
01900,27067
01900,27085
01900,27093
01900,27129
01900,27143
02000,27015
02000,27023
02000,27073
02000,27081
02000,27083
02000,27127
02000,27173
02100,27033
02100,27043
02100,27063
02100,27091
02100,27101
02100,27105
02100,27117
02100,27133
02100,27165
02200,27013
02200,27103
02200,27161
02300,27049
02300,27079
02300,27131
02400,27039
02400,27047
02400,27099
02400,27147
02500,27109
02600,27045
02600,27055
02600,27157
02600,27169
00100,26013
00100,26043
00100,26053
00100,26061
00100,26071
00100,26083
00100,26103
00100,26131
00200,26003
00200,26033
00200,26041
00200,26095
00200,26097
00200,26109
00200,26153
00300,26001
00300,26007
00300,26031
00300,26039
00300,26119
00300,26135
00300,26137
00300,26141
00400,26009
00400,26029
00400,26047
00400,26079
00400,26113
00400,26165
00500,26019
00500,26055
00500,26089
00500,26101
00600,26085
00600,26105
00600,26123
00600,26127
00700,26121
00801,26139
00802,26139
00900,26005
01001,26081
01002,26081
01003,26081
01004,26081
01100,26067
01100,26107
01100,26117
01100,26133
01200,26035
01200,26057
01200,26073
01300,26011
01300,26051
01300,26069
01300,26129
01300,26143
01400,26017
01400,26111
01500,26145
01600,26063
01600,26151
01600,26157
01701,26049
01701,26087
01702,26049
01703,26049
01704,26049
01704,26155
01801,26065
01802,26065
01900,26037
01900,26045
02000,26015
02000,26025
02101,26077
02102,26077
02200,26023
02200,26149
02300,26027
02300,26159
02400,26021
02500,26059
02500,26091
02600,26075
02701,26161
02702,26161
02703,26161
02800,26093
02901,26125
02902,26125
02903,26125
02904,26125
02905,26125
02906,26125
02907,26125
02908,26125
03001,26099
03002,26099
03003,26099
03004,26099
03005,26099
03006,26099
03100,26147
03201,26163
03202,26163
03203,26163
03204,26163
03205,26163
03206,26163
03207,26163
03208,26163
03209,26163
03210,26163
03211,26163
03212,26163
03213,26163
03300,26115
00101,32031
00102,32031
00103,32031
00200,32005
00200,32019
00200,32029
00200,32510
00300,32001
00300,32007
00300,32009
00300,32011
00300,32013
00300,32015
00300,32017
00300,32021
00300,32023
00300,32027
00300,32033
00401,32003
00402,32003
00403,32003
00404,32003
00405,32003
00406,32003
00407,32003
00408,32003
00409,32003
00410,32003
00411,32003
00412,32003
00413,32003
00100,24001
00100,24023
00200,24043
00301,24021
00302,24021
00400,24013
00501,24005
00502,24005
00503,24005
00504,24005
00505,24005
00506,24005
00507,24005
00601,24025
00602,24025
00700,24015
00801,24510
00802,24510
00803,24510
00804,24510
00805,24510
00901,24027
00902,24027
01001,24031
01002,24031
01003,24031
01004,24031
01005,24031
01006,24031
01007,24031
01101,24033
01102,24033
01103,24033
01104,24033
01105,24033
01106,24033
01107,24033
01201,24003
01202,24003
01203,24003
01204,24003
01300,24011
01300,24019
01300,24029
01300,24035
01300,24041
01400,24039
01400,24045
01400,24047
01500,24009
01500,24037
01600,24017
00100,30029
00100,30035
00100,30053
00200,30047
00200,30061
00200,30063
00200,30081
00200,30089
00300,30001
00300,30007
00300,30023
00300,30039
00300,30043
00300,30049
00300,30057
00300,30077
00300,30093
00400,30005
00400,30013
00400,30015
00400,30027
00400,30041
00400,30045
00400,30051
00400,30059
00400,30069
00400,30073
00400,30099
00400,30101
00400,30107
00500,30009
00500,30031
00500,30067
00500,30095
00500,30097
00600,30003
00600,30011
00600,30017
00600,30019
00600,30021
00600,30025
00600,30033
00600,30037
00600,30055
00600,30065
00600,30071
00600,30075
00600,30079
00600,30083
00600,30085
00600,30087
00600,30091
00600,30103
00600,30105
00600,30109
00600,30111
00700,30111
00101,18089
00102,18089
00103,18089
00104,18089
00200,18127
00300,18091
00401,18141
00402,18141
00500,18039
00600,18033
00600,18087
00600,18113
00600,18151
00700,18049
00700,18073
00700,18111
00700,18131
00700,18149
00800,18085
00800,18099
00900,18001
00900,18069
00900,18179
00900,18183
01001,18003
01002,18003
01003,18003
01100,18007
01100,18015
01100,18023
01100,18107
01100,18181
01200,18157
01300,18017
01300,18067
01300,18159
01400,18053
01400,18103
01400,18169
01500,18009
01500,18065
01500,18075
01500,18135
01600,18021
01600,18045
01600,18121
01600,18153
01600,18165
01600,18171
01700,18167
01801,18011
01801,18057
01802,18057
01803,18057
01900,18095
02000,18035
02100,18013
02100,18109
02100,18133
02200,18063
02301,18097
02302,18097
02303,18097
02304,18097
02305,18097
02306,18097
02307,18097
02400,18081
02500,18059
02500,18145
02600,18041
02600,18139
02600,18161
02600,18177
02700,18027
02700,18055
02700,18093
02700,18101
02700,18117
02700,18119
02800,18105
02900,18005
02900,18071
03000,18031
03000,18077
03000,18079
03000,18143
03100,18029
03100,18047
03100,18115
03100,18137
03100,18155
03200,18051
03200,18129
03200,18173
03300,18163
03400,18025
03400,18037
03400,18083
03400,18123
03400,18125
03400,18147
03500,18043
03500,18061
03500,18175
03600,18019
00100,19041
00100,19059
00100,19063
00100,19119
00100,19141
00100,19143
00100,19147
00100,19167
00200,19033
00200,19067
00200,19081
00200,19109
00200,19131
00200,19189
00200,19195
00400,19005
00400,19017
00400,19037
00400,19043
00400,19065
00400,19089
00400,19191
00500,19013
00600,19023
00600,19069
00600,19075
00600,19079
00600,19083
00600,19091
00600,19187
00600,19197
00700,19019
00700,19055
00700,19061
00700,19097
00800,19031
00800,19045
00800,19105
00800,19139
00900,19163
01000,19113
01100,19103
01200,19011
01200,19095
01200,19127
01200,19157
01200,19171
01300,19015
01300,19169
01400,19049
01400,19099
01400,19121
01400,19125
01400,19181
01500,19049
01500,19153
01600,19153
01700,19153
01800,19001
01800,19003
01800,19007
01800,19009
01800,19039
01800,19053
01800,19077
01800,19117
01800,19135
01800,19159
01800,19173
01800,19175
01800,19185
01900,19021
01900,19025
01900,19027
01900,19035
01900,19047
01900,19073
01900,19093
01900,19133
01900,19151
01900,19161
02000,19149
02000,19193
02100,19029
02100,19071
02100,19085
02100,19129
02100,19137
02100,19145
02100,19155
02100,19165
02200,19051
02200,19101
02200,19107
02200,19123
02200,19177
02200,19179
02200,19183
02300,19057
02300,19087
02300,19111
02300,19115
00100,31007
00100,31013
00100,31015
00100,31017
00100,31031
00100,31033
00100,31045
00100,31049
00100,31069
00100,31089
00100,31103
00100,31105
00100,31123
00100,31149
00100,31157
00100,31161
00100,31165
00200,31003
00200,31011
00200,31021
00200,31027
00200,31037
00200,31039
00200,31043
00200,31051
00200,31107
00200,31119
00200,31125
00200,31139
00200,31141
00200,31167
00200,31173
00200,31179
00300,31009
00300,31041
00300,31071
00300,31077
00300,31079
00300,31081
00300,31093
00300,31115
00300,31121
00300,31163
00300,31175
00300,31183
00400,31005
00400,31029
00400,31047
00400,31057
00400,31063
00400,31065
00400,31073
00400,31075
00400,31085
00400,31087
00400,31091
00400,31101
00400,31111
00400,31113
00400,31117
00400,31135
00400,31145
00400,31171
00500,31001
00500,31019
00500,31035
00500,31061
00500,31083
00500,31099
00500,31129
00500,31137
00500,31181
00600,31023
00600,31059
00600,31067
00600,31095
00600,31097
00600,31127
00600,31131
00600,31133
00600,31143
00600,31147
00600,31151
00600,31159
00600,31169
00600,31185
00701,31025
00701,31053
00701,31155
00701,31177
00702,31153
00801,31109
00802,31109
00901,31055
00902,31055
00903,31055
00904,31055
00100,25003
00200,25011
00200,25015
00300,25027
00301,25027
00302,25027
00303,25027
00304,25027
00400,25017
00400,25027
00501,25017
00502,25017
00503,25017
00504,25017
00505,25017
00506,25017
00507,25017
00508,25017
00701,25009
00702,25009
00703,25009
00704,25009
01000,25009
01000,25017
01300,25009
01300,25017
01400,25017
01400,25027
01600,25013
01600,25015
01900,25013
01901,25013
01902,25013
02400,25017
02400,25021
02400,25027
02800,25009
02800,25017
03301,25025
03302,25025
03303,25025
03304,25025
03305,25025
03306,25025
03400,25017
03400,25021
03500,25017
03500,25021
03601,25021
03602,25021
03603,25021
03900,25021
03900,25023
04000,25021
04000,25023
04200,25005
04200,25021
04301,25005
04301,25023
04302,25005
04303,25005
04500,25005
04700,25001
04800,25001
04800,25007
04800,25019
04901,25005
04901,25023
04902,25023
04903,25023
